timestamp,type,unit,value
1,gen,G1,40.0
1,gen,G2,80.0
1,gen,G3,60.0
1,gen,G4,50.0
1,gen,G5,15.384006479999982
1,gen,G6,0.0
1,batt_ch,B1,50.0
1,batt_dis,B1,0.0
1,soc,B1,50.0
1,clearing_price,market,40.0
2,gen,G1,40.0
2,gen,G2,38.58031242999999
2,gen,G3,60.0
2,gen,G4,0.0
2,gen,G5,0.0
2,gen,G6,0.0
2,batt_ch,B1,0.0
2,batt_dis,B1,40.0
2,soc,B1,10.0
2,clearing_price,market,30.0
3,gen,G1,40.0
3,gen,G2,80.0
3,gen,G3,60.0
3,gen,G4,27.56094393999998
3,gen,G5,0.0
3,gen,G6,0.0
3,batt_ch,B1,40.0
3,batt_dis,B1,0.0
3,soc,B1,50.0
3,clearing_price,market,35.0
4,gen,G1,40.0
4,gen,G2,80.0
4,gen,G3,60.0
4,gen,G4,31.87888262000002
4,gen,G5,0.0
4,gen,G6,0.0
4,batt_ch,B1,50.0
4,batt_dis,B1,0.0
4,soc,B1,100.0
4,clearing_price,market,35.0
5,gen,G1,40.0
5,gen,G2,21.068729770000004
5,gen,G3,60.0
5,gen,G4,0.0
5,gen,G5,0.0
5,gen,G6,0.0
5,batt_ch,B1,0.0
5,batt_dis,B1,40.0
5,soc,B1,60.0
5,clearing_price,market,30.0
6,gen,G1,40.0
6,gen,G2,23.178201549999983
6,gen,G3,60.0
6,gen,G4,0.0
6,gen,G5,0.0
6,gen,G6,0.0
6,batt_ch,B1,0.0
6,batt_dis,B1,40.0
6,soc,B1,20.0
6,clearing_price,market,30.0
7,gen,G1,40.0
7,gen,G2,80.0
7,gen,G3,60.0
7,gen,G4,40.09855928000002
7,gen,G5,0.0
7,gen,G6,0.0
7,batt_ch,B1,50.0
7,batt_dis,B1,0.0
7,soc,B1,70.0
7,clearing_price,market,35.0
8,gen,G1,40.0
8,gen,G2,34.48315065999998
8,gen,G3,60.0
8,gen,G4,0.0
8,gen,G5,0.0
8,gen,G6,0.0
8,batt_ch,B1,0.0
8,batt_dis,B1,40.0
8,soc,B1,30.0
8,clearing_price,market,30.0
9,gen,G1,40.0
9,gen,G2,80.0
9,gen,G3,60.0
9,gen,G4,50.0
9,gen,G5,1.864771530000013
9,gen,G6,0.0
9,batt_ch,B1,50.0
9,batt_dis,B1,0.0
9,soc,B1,80.0
9,clearing_price,market,40.0
10,gen,G1,40.0
10,gen,G2,46.238203450000015
10,gen,G3,60.0
10,gen,G4,0.0
10,gen,G5,0.0
10,gen,G6,0.0
10,batt_ch,B1,0.0
10,batt_dis,B1,40.0
10,soc,B1,40.0
10,clearing_price,market,30.0
11,gen,G1,40.0
11,gen,G2,80.0
11,gen,G3,60.0
11,gen,G4,50.0
11,gen,G5,6.951073530000002
11,gen,G6,0.0
11,batt_ch,B1,50.0
11,batt_dis,B1,0.0
11,soc,B1,90.0
11,clearing_price,market,40.0
12,gen,G1,40.0
12,gen,G2,46.55106144999999
12,gen,G3,60.0
12,gen,G4,0.0
12,gen,G5,0.0
12,gen,G6,0.0
12,batt_ch,B1,0.0
12,batt_dis,B1,40.0
12,soc,B1,50.0
12,clearing_price,market,30.0
13,gen,G1,40.0
13,gen,G2,80.0
13,gen,G3,60.0
13,gen,G4,50.0
13,gen,G5,7.572359129999995
13,gen,G6,0.0
13,batt_ch,B1,50.0
13,batt_dis,B1,0.0
13,soc,B1,100.0
13,clearing_price,market,40.0
14,gen,G1,40.0
14,gen,G2,49.898880340000005
14,gen,G3,60.0
14,gen,G4,0.0
14,gen,G5,0.0
14,gen,G6,0.0
14,batt_ch,B1,0.0
14,batt_dis,B1,40.0
14,soc,B1,60.0
14,clearing_price,market,30.0
15,gen,G1,40.0
15,gen,G2,80.0
15,gen,G3,60.0
15,gen,G4,50.0
15,gen,G5,13.038167399999992
15,gen,G6,0.0
15,batt_ch,B1,50.0
15,batt_dis,B1,0.0
15,soc,B1,110.0
15,clearing_price,market,40.0
16,gen,G1,40.0
16,gen,G2,59.267737239999974
16,gen,G3,60.0
16,gen,G4,0.0
16,gen,G5,0.0
16,gen,G6,0.0
16,batt_ch,B1,0.0
16,batt_dis,B1,40.0
16,soc,B1,70.0
16,clearing_price,market,30.0
17,gen,G1,40.0
17,gen,G2,67.47949144000003
17,gen,G3,60.0
17,gen,G4,0.0
17,gen,G5,0.0
17,gen,G6,0.0
17,batt_ch,B1,0.0
17,batt_dis,B1,40.0
17,soc,B1,30.0
17,clearing_price,market,30.0
18,gen,G1,40.0
18,gen,G2,80.0
18,gen,G3,60.0
18,gen,G4,50.0
18,gen,G5,30.735640830000023
18,gen,G6,0.0
18,batt_ch,B1,50.0
18,batt_dis,B1,0.0
18,soc,B1,80.0
18,clearing_price,market,40.0
19,gen,G1,40.0
19,gen,G2,80.0
19,gen,G3,60.0
19,gen,G4,50.0
19,gen,G5,30.11968614
19,gen,G6,0.0
19,batt_ch,B1,50.0
19,batt_dis,B1,0.0
19,soc,B1,130.0
19,clearing_price,market,40.0
20,gen,G1,40.0
20,gen,G2,75.72130567000002
20,gen,G3,60.0
20,gen,G4,0.0
20,gen,G5,0.0
20,gen,G6,0.0
20,batt_ch,B1,0.0
20,batt_dis,B1,40.0
20,soc,B1,90.0
20,clearing_price,market,30.0
21,gen,G1,40.0
21,gen,G2,80.0
21,gen,G3,60.0
21,gen,G4,50.0
21,gen,G5,35.56544568000001
21,gen,G6,0.0
21,batt_ch,B1,50.0
21,batt_dis,B1,0.0
21,soc,B1,140.0
21,clearing_price,market,40.0
22,gen,G1,40.0
22,gen,G2,80.0
22,gen,G3,60.0
22,gen,G4,50.0
22,gen,G5,32.294775810000004
22,gen,G6,0.0
22,batt_ch,B1,50.0
22,batt_dis,B1,0.0
22,soc,B1,190.0
22,clearing_price,market,40.0
23,gen,G1,40.0
23,gen,G2,67.65979195000003
23,gen,G3,60.0
23,gen,G4,0.0
23,gen,G5,0.0
23,gen,G6,0.0
23,batt_ch,B1,0.0
23,batt_dis,B1,40.0
23,soc,B1,150.0
23,clearing_price,market,30.0
24,gen,G1,40.0
24,gen,G2,80.0
24,gen,G3,60.0
24,gen,G4,50.0
24,gen,G5,16.606789859999992
24,gen,G6,0.0
24,batt_ch,B1,50.0
24,batt_dis,B1,0.0
24,soc,B1,200.0
24,clearing_price,market,40.0
